{"version":2,"languages":{"nodejs-npm":{"specfileHash":"449fbe2600d85423717e174b28152157","lockfileHash":"903a5c9d92ba1046d36ca51b4ba30b50","guessedImports":["body-parser","ejs","ytdl-core","sourcebin_js","glob","discord-giveaways","node-fetch","something-random-on-discord","express","discord-backup","discord-xp","passport-discord","yt-search","dblist.api","ms","canvacord","express-session","quickmongo","discord.js","canvas","node-superfetch","passport","humanize-duration","br","one-liner-joke","axios","gifencoder","discord-yt-poster","quick.db","moment","mongoose"],"guessedImportsHash":"5b58018b6432bd312333b06433d7126b"}}}
